Id,Predicted
0,2
1,2
10,0
100,3
1000,3
1001,1
1002,1
1003,3
1004,1
1005,3
1006,0
1007,1
1008,3
1009,3
101,1
1010,1
1011,2
1012,2
1013,3
1014,0
1015,2
1016,2
1017,2
1018,2
1019,1
102,2
1020,2
1021,3
1022,1
1023,3
1024,1
1025,0
1026,3
1027,1
1028,0
1029,1
103,2
1030,0
1031,3
1032,1
1033,0
1034,0
1035,2
1036,1
1037,0
1038,0
1039,0
104,0
1040,1
1041,2
1042,3
1043,0
1044,2
1045,0
1046,3
1047,1
1048,2
1049,0
105,0
1050,2
1051,1
1052,0
1053,1
1054,2
1055,1
1056,0
1057,2
1058,3
1059,1
106,2
1060,0
1061,2
1062,2
1063,0
1064,2
1065,1
1066,1
1067,1
1068,0
1069,0
107,1
1070,2
1071,1
1072,2
1073,3
1074,1
1075,2
1076,2
1077,2
1078,1
1079,1
108,1
1080,0
1081,2
1082,2
1083,3
1084,2
1085,0
1086,3
1087,1
1088,1
1089,3
109,0
1090,0
1091,0
1092,2
1093,0
1094,1
1095,3
1096,2
1097,1
1098,0
1099,0
11,3
110,3
1100,2
1101,0
1102,1
1103,3
1104,0
1105,2
1106,2
1107,1
1108,3
1109,3
111,2
1110,1
1111,2
1112,3
1113,2
1114,2
1115,0
1116,3
1117,1
1118,2
1119,2
112,1
1120,0
1121,3
1122,0
1123,0
1124,0
1125,0
1126,1
1127,3
1128,0
1129,3
113,2
1130,2
1131,2
1132,1
1133,2
1134,2
1135,3
1136,0
1137,2
1138,3
1139,1
114,2
1140,2
1141,3
1142,2
1143,3
1144,3
1145,1
1146,1
1147,0
1148,3
1149,0
115,3
1150,0
1151,3
1152,0
1153,1
1154,1
1155,2
1156,0
1157,0
1158,3
1159,2
116,2
1160,1
1161,2
1162,3
1163,3
1164,0
1165,1
1166,3
1167,0
1168,1
1169,1
117,3
1170,1
1171,0
1172,2
1173,2
1174,1
1175,2
1176,2
1177,1
1178,1
1179,2
118,2
1180,1
1181,1
1182,3
1183,1
1184,2
1185,0
1186,2
1187,0
1188,3
1189,3
119,1
1190,2
1191,2
1192,3
1193,1
1194,3
1195,1
1196,2
1197,1
1198,1
1199,2
12,1
120,2
1200,2
1201,0
1202,2
1203,1
1204,2
1205,1
1206,0
1207,2
1208,3
1209,2
121,3
1210,2
1211,1
1212,2
1213,1
1214,0
1215,1
1216,1
1217,0
1218,3
1219,2
122,0
1220,1
1221,0
1222,2
1223,2
1224,0
1225,3
1226,2
1227,2
1228,3
1229,2
123,1
1230,2
1231,2
1232,2
1233,1
1234,1
1235,2
1236,3
1237,0
1238,0
1239,1
124,1
1240,3
1241,3
1242,2
1243,2
1244,2
1245,2
1246,1
1247,0
1248,0
1249,0
125,0
1250,1
1251,2
1252,0
1253,2
1254,3
1255,2
1256,0
1257,2
1258,2
1259,3
126,3
1260,0
1261,1
1262,1
1263,0
1264,0
1265,1
1266,3
1267,0
1268,0
1269,0
127,1
1270,3
1271,2
1272,0
1273,0
1274,3
1275,1
1276,3
1277,0
1278,1
1279,3
128,1
1280,2
1281,1
1282,3
1283,3
1284,0
1285,2
1286,1
1287,2
1288,1
1289,2
129,1
1290,0
1291,2
1292,1
1293,1
1294,3
1295,1
1296,2
1297,3
1298,3
1299,1
13,2
130,1
1300,2
1301,3
1302,1
1303,3
1304,1
1305,0
1306,3
1307,2
1308,2
1309,1
131,0
1310,2
1311,3
1312,0
1313,2
1314,0
1315,2
1316,1
1317,1
1318,1
1319,1
132,3
1320,0
1321,1
1322,1
1323,1
1324,2
1325,0
1326,1
1327,1
1328,2
1329,2
133,3
1330,2
1331,2
1332,3
1333,1
1334,3
1335,1
1336,2
1337,2
1338,3
1339,1
134,2
1340,1
1341,1
1342,2
1343,2
1344,2
1345,2
1346,2
1347,2
1348,0
1349,2
135,2
1350,1
1351,1
1352,1
1353,3
1354,3
1355,1
1356,0
1357,2
1358,2
1359,0
136,2
1360,1
1361,3
1362,2
1363,2
1364,0
1365,2
1366,3
1367,3
1368,3
1369,1
137,1
1370,2
1371,2
1372,3
1373,2
1374,3
1375,0
1376,2
1377,2
1378,2
1379,2
138,0
1380,2
1381,1
1382,0
1383,3
1384,3
1385,2
1386,3
1387,1
1388,1
1389,1
139,1
1390,0
1391,2
1392,3
1393,3
1394,2
1395,1
1396,1
1397,3
1398,0
1399,1
14,2
140,0
1400,2
1401,0
1402,1
1403,2
1404,0
1405,1
1406,1
1407,2
1408,1
1409,3
141,2
1410,2
1411,3
1412,2
1413,3
1414,0
1415,1
1416,2
1417,2
1418,0
1419,0
142,1
1420,2
1421,2
1422,3
1423,3
1424,0
1425,2
1426,3
1427,3
1428,1
1429,0
143,0
1430,0
1431,0
1432,1
1433,2
1434,2
1435,1
1436,0
1437,1
1438,2
1439,0
144,0
1440,1
1441,1
1442,0
1443,2
1444,3
1445,2
1446,1
1447,0
1448,2
1449,3
145,1
1450,2
1451,3
1452,3
1453,2
1454,1
1455,2
1456,3
1457,2
1458,0
1459,2
146,3
1460,1
1461,3
1462,2
1463,0
1464,2
1465,1
1466,1
1467,0
1468,0
1469,2
147,1
1470,2
1471,0
1472,0
1473,2
1474,1
1475,1
1476,1
1477,3
1478,3
1479,2
148,0
1480,0
1481,0
1482,2
1483,0
1484,2
1485,2
1486,1
1487,2
1488,0
1489,2
149,2
1490,3
1491,3
1492,2
1493,2
1494,0
1495,1
1496,2
1497,3
1498,2
1499,3
15,2
150,2
1500,0
1501,2
1502,2
1503,3
1504,1
1505,2
1506,1
1507,0
1508,2
1509,1
151,2
1510,0
1511,0
1512,3
1513,3
1514,2
1515,2
1516,2
1517,1
1518,1
1519,1
152,0
1520,1
1521,0
1522,1
1523,1
1524,2
1525,2
1526,3
1527,2
1528,1
1529,2
153,0
1530,3
1531,2
1532,3
1533,2
1534,0
1535,0
1536,0
1537,1
1538,0
1539,2
154,2
1540,3
1541,2
1542,0
1543,2
1544,2
1545,0
1546,2
1547,3
1548,2
1549,1
155,0
1550,3
1551,0
1552,2
1553,0
1554,2
1555,1
1556,3
1557,2
1558,3
1559,0
156,1
1560,2
1561,0
1562,2
1563,0
1564,2
1565,3
1566,0
1567,3
1568,3
1569,0
157,3
1570,1
1571,1
1572,2
1573,1
1574,2
1575,1
1576,2
1577,0
1578,1
1579,1
158,1
1580,2
1581,2
1582,2
1583,1
1584,0
1585,2
1586,1
1587,2
1588,1
1589,0
159,3
1590,1
1591,1
1592,1
1593,3
1594,1
1595,1
1596,2
1597,3
1598,2
1599,3
16,2
160,2
1600,2
1601,2
1602,2
1603,3
1604,1
1605,3
1606,3
1607,2
1608,0
1609,3
161,1
1610,1
1611,2
1612,2
1613,0
1614,0
1615,0
1616,2
1617,2
1618,3
1619,1
162,1
1620,2
1621,2
1622,1
1623,2
1624,1
1625,0
1626,0
1627,2
1628,1
1629,0
163,3
1630,2
1631,3
1632,3
1633,2
1634,2
1635,0
1636,0
1637,1
1638,1
1639,0
164,1
1640,0
1641,3
1642,0
1643,1
1644,3
1645,2
1646,0
1647,0
1648,1
1649,2
165,2
1650,2
1651,2
1652,0
1653,2
1654,2
1655,0
1656,3
1657,1
1658,1
1659,0
166,2
1660,1
1661,2
1662,2
1663,1
1664,3
1665,2
1666,0
1667,0
1668,0
1669,0
167,2
1670,3
1671,2
1672,2
1673,0
1674,2
1675,0
1676,1
1677,1
1678,0
1679,3
168,1
1680,0
1681,1
1682,0
1683,3
1684,3
1685,2
1686,3
1687,1
1688,2
1689,1
169,1
1690,2
1691,2
1692,2
1693,0
1694,0
1695,0
1696,3
1697,2
1698,0
1699,2
17,2
170,1
1700,0
1701,1
1702,0
1703,0
1704,2
1705,2
1706,0
1707,0
1708,2
1709,1
171,1
1710,0
1711,2
1712,1
1713,0
1714,2
1715,1
1716,2
1717,2
1718,1
1719,3
172,2
1720,1
1721,1
1722,2
1723,0
1724,1
1725,1
1726,2
1727,0
1728,1
1729,2
173,0
1730,0
1731,1
1732,2
1733,1
1734,1
1735,2
1736,0
1737,0
1738,2
1739,3
174,0
1740,1
1741,0
1742,0
1743,2
1744,2
1745,3
1746,1
1747,0
1748,2
1749,3
175,1
1750,2
1751,1
1752,0
1753,2
1754,2
1755,1
1756,3
1757,1
1758,3
1759,3
176,2
1760,0
1761,1
1762,3
1763,0
1764,2
1765,2
1766,2
1767,3
1768,2
1769,3
177,1
1770,2
1771,0
1772,2
1773,0
1774,2
1775,2
1776,1
1777,3
1778,3
1779,1
178,1
1780,2
1781,1
1782,1
1783,1
1784,1
1785,1
1786,3
1787,0
1788,2
1789,2
179,2
1790,0
1791,0
1792,0
1793,2
1794,1
1795,2
1796,2
1797,3
1798,1
1799,1
18,2
180,2
1800,1
1801,2
1802,1
1803,2
1804,2
1805,0
1806,1
1807,1
1808,0
1809,2
181,2
1810,3
1811,3
1812,1
1813,1
1814,2
1815,2
1816,2
1817,1
1818,2
1819,2
182,1
1820,2
1821,0
1822,2
1823,1
1824,2
1825,2
1826,3
1827,2
1828,0
1829,3
183,1
1830,0
1831,2
1832,0
1833,3
1834,0
1835,1
1836,2
1837,1
1838,3
1839,0
184,0
1840,1
1841,3
1842,1
1843,0
1844,3
1845,2
1846,3
1847,1
1848,2
1849,1
185,0
1850,1
1851,1
1852,0
1853,0
1854,2
1855,1
1856,0
1857,3
1858,1
1859,2
186,3
1860,2
1861,2
1862,3
1863,1
1864,2
1865,3
1866,2
1867,0
1868,2
1869,1
187,2
1870,1
1871,0
1872,2
1873,3
1874,1
1875,3
1876,1
1877,3
1878,2
1879,1
188,3
1880,3
1881,3
1882,1
1883,2
1884,0
1885,2
1886,1
1887,1
1888,0
1889,2
189,2
1890,0
1891,1
1892,3
1893,3
1894,1
1895,2
1896,3
1897,1
1898,0
1899,0
19,1
190,1
1900,0
1901,3
1902,2
1903,2
1904,2
1905,2
1906,1
1907,1
1908,0
1909,0
191,0
1910,1
1911,1
1912,1
1913,2
1914,0
1915,2
1916,0
1917,2
1918,0
1919,1
192,1
1920,1
1921,1
1922,0
1923,3
1924,1
1925,2
1926,1
1927,0
1928,1
1929,2
193,2
1930,1
1931,3
1932,2
1933,2
1934,1
1935,1
1936,3
1937,2
1938,0
1939,1
194,1
1940,2
1941,0
1942,0
1943,0
1944,0
1945,2
1946,1
1947,2
1948,1
1949,3
195,1
1950,2
1951,2
1952,3
1953,1
1954,1
1955,3
1956,2
1957,1
1958,2
1959,1
196,2
1960,0
1961,2
1962,3
1963,1
1964,2
1965,2
1966,2
1967,3
1968,2
1969,2
197,2
1970,2
1971,1
1972,1
1973,3
1974,3
1975,1
1976,2
1977,1
1978,1
1979,1
198,2
1980,1
1981,1
1982,1
1983,0
1984,0
1985,2
1986,2
1987,0
1988,1
1989,0
199,0
1990,0
1991,0
1992,2
1993,3
1994,3
1995,1
1996,3
1997,0
1998,0
1999,0
2,2
20,2
200,3
2000,2
2001,2
2002,0
2003,1
2004,2
2005,0
2006,0
2007,1
2008,2
2009,1
201,0
2010,0
2011,2
2012,2
2013,1
2014,2
2015,2
2016,1
2017,3
2018,2
2019,3
202,2
2020,2
2021,3
2022,3
2023,1
2024,0
2025,1
2026,2
2027,1
2028,1
2029,2
203,1
2030,2
2031,1
2032,2
2033,3
2034,2
2035,3
2036,1
2037,1
2038,1
2039,2
204,3
2040,0
2041,2
2042,2
2043,3
2044,3
2045,0
2046,2
2047,3
2048,0
2049,2
205,1
2050,2
2051,2
2052,1
2053,0
2054,0
2055,1
2056,2
2057,3
2058,1
2059,0
206,2
2060,1
2061,3
2062,0
2063,2
2064,0
2065,0
2066,2
2067,2
2068,1
2069,1
207,0
2070,0
2071,0
2072,1
2073,2
2074,1
2075,1
2076,3
2077,1
2078,1
2079,2
208,3
2080,2
2081,1
2082,2
2083,2
2084,1
2085,2
2086,2
2087,2
2088,3
2089,2
209,2
2090,0
2091,2
2092,1
2093,1
2094,0
2095,3
2096,1
2097,2
2098,1
2099,0
21,2
210,1
2100,3
2101,3
2102,2
2103,3
2104,2
2105,1
2106,2
2107,2
2108,2
2109,0
211,1
2110,1
2111,0
2112,0
2113,2
2114,0
2115,0
2116,1
2117,2
2118,0
2119,0
212,2
2120,2
2121,3
2122,1
2123,1
2124,0
2125,3
2126,2
2127,2
2128,3
2129,3
213,0
2130,3
2131,2
2132,2
2133,0
2134,0
2135,2
2136,1
2137,3
2138,0
2139,0
214,2
2140,2
2141,1
2142,2
2143,1
2144,2
2145,2
2146,0
2147,0
2148,3
2149,3
215,2
2150,1
2151,1
2152,0
2153,2
2154,2
2155,1
2156,0
2157,1
2158,0
2159,0
216,2
2160,0
2161,1
2162,0
2163,2
2164,3
2165,0
2166,1
2167,0
2168,2
2169,3
217,2
2170,2
2171,2
2172,2
2173,2
2174,1
2175,0
2176,0
2177,2
2178,1
2179,0
218,1
2180,1
2181,1
2182,1
2183,1
2184,2
2185,0
2186,0
2187,2
2188,2
2189,0
219,2
2190,2
2191,1
2192,2
2193,0
2194,3
2195,2
2196,3
2197,0
2198,0
2199,0
22,2
220,2
2200,0
2201,2
2202,3
2203,1
2204,0
2205,0
2206,2
2207,2
2208,1
2209,2
221,2
2210,3
2211,2
2212,2
2213,1
2214,1
2215,3
2216,0
2217,3
2218,1
2219,2
222,1
2220,1
2221,0
2222,2
2223,1
2224,2
2225,2
2226,2
2227,2
2228,2
2229,1
223,2
2230,2
2231,1
2232,0
2233,3
2234,1
2235,0
2236,2
2237,2
2238,0
2239,0
224,0
2240,0
2241,1
2242,2
2243,1
2244,3
2245,3
2246,3
2247,1
2248,3
2249,1
225,0
2250,3
2251,2
2252,2
2253,1
2254,2
2255,2
2256,2
2257,0
2258,0
2259,0
226,0
2260,2
2261,0
2262,2
2263,3
2264,0
2265,1
2266,3
2267,3
2268,0
2269,1
227,1
2270,2
2271,0
2272,0
2273,1
2274,1
2275,2
2276,1
2277,2
2278,2
2279,0
228,2
2280,3
2281,2
2282,0
2283,3
2284,0
2285,0
2286,2
2287,2
2288,3
2289,3
229,3
2290,3
2291,2
2292,2
2293,1
2294,1
2295,1
2296,2
2297,1
2298,2
2299,3
23,0
230,1
2300,2
2301,1
2302,1
2303,2
2304,3
2305,2
2306,0
2307,3
2308,1
2309,0
231,0
2310,0
2311,1
2312,3
2313,2
2314,1
2315,1
2316,1
2317,3
2318,3
2319,3
232,1
2320,3
2321,0
2322,1
2323,2
2324,2
2325,1
2326,1
2327,2
2328,1
2329,1
233,1
2330,3
2331,1
2332,1
2333,0
2334,0
2335,0
2336,1
2337,1
2338,2
2339,0
234,1
2340,1
2341,2
2342,1
2343,1
2344,2
2345,1
2346,2
2347,0
2348,0
2349,0
235,3
2350,2
2351,0
2352,3
2353,0
2354,0
2355,1
2356,2
2357,3
2358,1
2359,1
236,2
2360,0
2361,2
2362,0
2363,2
2364,1
2365,2
2366,2
2367,0
2368,0
2369,3
237,2
2370,1
2371,2
2372,0
2373,0
2374,1
2375,0
2376,2
2377,3
2378,2
2379,0
238,0
2380,0
2381,2
2382,1
2383,2
2384,1
2385,0
2386,1
2387,3
2388,3
2389,3
239,0
2390,3
2391,3
2392,2
2393,0
2394,1
2395,2
2396,2
2397,2
2398,1
2399,1
24,3
240,3
2400,2
2401,2
2402,3
2403,2
2404,0
2405,3
2406,2
2407,0
2408,0
2409,3
241,1
2410,2
2411,2
2412,2
2413,1
2414,0
2415,2
2416,0
2417,1
2418,1
2419,2
242,2
2420,3
2421,1
2422,2
2423,3
2424,2
2425,0
2426,2
2427,3
2428,1
2429,2
243,0
2430,0
2431,3
2432,1
2433,1
2434,2
2435,1
2436,2
2437,1
2438,0
2439,0
244,2
2440,2
2441,2
2442,2
2443,3
2444,0
2445,0
2446,2
2447,2
2448,3
2449,1
245,1
2450,3
2451,3
2452,1
2453,0
2454,1
2455,1
2456,2
2457,1
2458,3
2459,2
246,2
2460,1
2461,0
2462,3
2463,3
2464,2
2465,0
2466,0
2467,1
2468,2
2469,0
247,0
2470,3
2471,3
2472,1
2473,0
2474,1
2475,0
2476,3
2477,2
2478,0
2479,3
248,3
2480,1
2481,2
2482,1
2483,0
2484,1
2485,3
2486,3
2487,1
2488,3
2489,2
249,2
2490,3
2491,0
2492,1
2493,2
2494,2
2495,1
2496,3
2497,0
2498,0
2499,0
25,0
250,1
2500,0
2501,0
2502,1
2503,3
2504,0
2505,1
2506,2
2507,2
2508,0
2509,0
251,1
2510,0
2511,0
2512,0
2513,2
2514,2
2515,2
2516,1
2517,0
2518,3
2519,0
252,0
2520,3
2521,2
2522,0
2523,2
2524,1
2525,0
2526,1
2527,1
2528,2
2529,1
253,1
2530,1
2531,2
2532,1
2533,3
2534,0
2535,1
2536,0
2537,3
2538,3
2539,2
254,0
2540,3
2541,3
2542,2
2543,2
2544,3
2545,2
2546,2
2547,1
2548,2
2549,2
255,1
2550,3
2551,1
2552,3
2553,1
2554,2
2555,2
2556,2
2557,0
2558,1
2559,2
256,2
2560,2
2561,2
2562,0
2563,0
2564,1
2565,1
2566,3
2567,3
2568,0
2569,0
257,2
2570,0
2571,2
2572,3
2573,0
2574,3
2575,1
2576,0
2577,3
2578,3
2579,2
258,0
2580,1
2581,2
2582,1
2583,0
2584,0
2585,3
2586,2
2587,0
2588,2
2589,2
259,3
2590,0
2591,3
2592,2
2593,2
2594,2
2595,0
2596,0
2597,0
2598,0
2599,0
26,2
260,2
2600,1
2601,2
2602,0
2603,1
2604,2
2605,1
2606,3
2607,2
2608,0
2609,3
261,1
2610,0
2611,3
2612,0
2613,1
2614,3
2615,2
2616,0
2617,3
2618,1
2619,0
262,1
2620,3
2621,0
2622,1
2623,0
2624,3
2625,1
2626,0
2627,3
2628,1
2629,2
263,0
2630,0
2631,1
2632,2
2633,1
2634,0
2635,3
2636,2
2637,2
2638,0
2639,2
264,1
2640,3
2641,3
2642,1
2643,3
2644,3
2645,2
2646,3
2647,1
2648,0
2649,0
265,2
2650,2
2651,3
2652,0
2653,1
2654,2
2655,1
2656,1
2657,0
2658,1
2659,3
266,0
2660,2
2661,3
2662,2
2663,0
2664,1
2665,3
2666,1
2667,2
2668,2
2669,3
267,2
2670,3
2671,1
2672,2
2673,1
2674,2
2675,3
2676,3
2677,3
2678,0
2679,2
268,3
2680,3
2681,0
2682,2
2683,0
2684,1
2685,2
2686,0
2687,2
2688,1
2689,0
269,2
2690,3
2691,2
2692,0
2693,3
2694,1
2695,1
2696,1
2697,1
2698,1
2699,3
27,1
270,3
2700,0
2701,1
2702,2
2703,0
2704,1
2705,1
2706,0
2707,2
2708,0
2709,3
271,1
2710,1
2711,2
2712,1
2713,2
2714,1
2715,2
2716,1
2717,1
2718,0
2719,1
272,0
2720,1
2721,3
2722,0
2723,2
2724,1
2725,2
2726,0
2727,0
2728,0
2729,3
273,2
2730,0
2731,0
2732,2
2733,2
2734,2
2735,1
2736,2
2737,3
2738,2
2739,1
274,2
2740,1
2741,1
2742,1
2743,2
2744,1
2745,2
2746,2
2747,2
2748,2
2749,2
275,2
2750,1
2751,2
2752,2
2753,1
2754,1
2755,1
2756,2
2757,2
2758,2
2759,2
276,3
2760,2
2761,0
2762,2
2763,2
2764,2
2765,0
2766,2
2767,3
2768,2
2769,3
277,1
2770,1
2771,1
2772,3
2773,3
2774,1
2775,2
2776,2
2777,1
2778,1
2779,0
278,0
2780,0
2781,1
2782,2
2783,2
2784,2
2785,0
2786,1
2787,1
2788,3
2789,3
279,1
2790,3
2791,1
2792,2
2793,3
2794,3
2795,1
2796,2
2797,2
2798,2
2799,2
28,1
280,2
2800,1
2801,1
2802,1
2803,1
2804,2
2805,1
2806,0
2807,0
2808,3
2809,2
281,1
2810,0
2811,1
2812,0
2813,2
2814,2
2815,2
2816,0
2817,0
2818,0
2819,1
282,3
2820,2
2821,1
2822,2
2823,2
2824,2
2825,2
2826,3
2827,1
2828,2
2829,0
283,1
2830,2
2831,3
2832,0
2833,2
2834,3
2835,2
2836,2
2837,2
2838,2
2839,0
284,2
2840,1
2841,3
2842,0
2843,0
2844,1
2845,3
2846,2
2847,0
2848,1
2849,2
285,1
2850,1
2851,3
2852,2
2853,2
2854,2
2855,2
2856,2
2857,3
2858,2
2859,2
286,1
2860,3
2861,0
2862,1
2863,2
2864,3
2865,1
2866,1
2867,1
2868,2
2869,2
287,3
2870,0
2871,3
2872,2
2873,1
2874,2
2875,2
2876,3
2877,3
2878,1
2879,3
288,1
2880,2
2881,0
2882,3
2883,2
2884,3
2885,3
2886,0
2887,1
2888,2
2889,1
289,2
2890,1
2891,3
2892,0
2893,1
2894,2
2895,2
2896,1
2897,1
2898,0
2899,0
29,0
290,2
2900,0
2901,2
2902,1
2903,3
2904,0
2905,0
2906,2
2907,0
2908,2
2909,2
291,3
2910,3
2911,2
2912,3
2913,2
2914,0
2915,0
2916,1
2917,1
2918,2
2919,2
292,2
2920,3
2921,0
2922,0
2923,2
2924,0
2925,2
2926,1
2927,1
2928,1
2929,0
293,0
2930,3
2931,2
2932,2
2933,2
2934,3
2935,2
2936,3
2937,1
2938,0
2939,1
294,2
2940,2
2941,2
2942,2
2943,2
2944,0
2945,0
2946,3
2947,0
2948,0
2949,3
295,2
2950,1
2951,3
2952,3
2953,1
2954,2
2955,0
2956,1
2957,0
2958,2
2959,0
296,3
2960,0
2961,2
2962,0
2963,1
2964,3
2965,1
2966,3
2967,3
2968,2
2969,2
297,3
2970,3
2971,2
2972,1
2973,1
2974,2
2975,1
2976,2
2977,0
2978,1
2979,1
298,1
2980,2
2981,2
2982,2
2983,2
2984,1
2985,2
2986,2
2987,3
2988,1
2989,2
299,3
2990,2
2991,0
2992,0
2993,3
2994,3
2995,0
2996,3
2997,3
2998,2
2999,3
3,2
30,2
300,3
3000,3
3001,0
3002,3
3003,1
3004,2
3005,2
3006,3
3007,0
3008,3
3009,1
301,2
3010,2
3011,0
3012,1
3013,1
3014,2
3015,3
3016,0
3017,3
3018,0
3019,2
302,2
3020,0
3021,0
3022,0
3023,0
3024,2
3025,1
3026,0
3027,3
3028,1
3029,3
303,1
3030,2
3031,1
3032,1
3033,3
3034,0
3035,3
3036,2
3037,0
3038,1
3039,0
304,3
3040,3
3041,2
3042,1
3043,1
3044,2
3045,0
3046,2
3047,0
3048,2
3049,2
305,0
3050,2
3051,1
3052,1
3053,0
3054,1
3055,0
3056,0
3057,0
3058,2
3059,2
306,2
3060,2
3061,1
3062,1
3063,0
3064,1
3065,2
3066,3
3067,2
3068,2
3069,1
307,1
3070,2
3071,2
3072,1
3073,1
3074,1
3075,0
3076,1
3077,1
3078,1
3079,2
308,0
3080,2
3081,1
3082,0
3083,1
3084,3
3085,2
3086,3
3087,3
3088,3
3089,0
309,1
3090,2
3091,3
3092,2
3093,1
3094,3
3095,3
3096,3
3097,1
3098,0
3099,0
31,1
310,2
3100,0
3101,2
3102,1
3103,2
3104,3
3105,0
3106,0
3107,3
3108,1
3109,0
311,3
3110,3
3111,2
3112,2
3113,3
3114,0
3115,0
3116,1
3117,3
3118,2
3119,1
312,3
3120,3
3121,1
3122,3
3123,1
3124,0
3125,1
3126,2
3127,3
3128,3
3129,1
313,3
3130,2
3131,1
3132,1
3133,2
3134,2
3135,1
3136,3
3137,0
3138,1
3139,0
314,1
3140,3
3141,2
3142,2
3143,0
3144,3
3145,1
3146,2
3147,0
3148,3
3149,1
315,1
3150,1
3151,2
3152,1
3153,2
3154,1
3155,3
3156,0
3157,1
3158,3
3159,0
316,0
3160,0
3161,2
3162,0
3163,2
3164,0
3165,2
3166,2
3167,2
3168,2
3169,1
317,2
3170,3
3171,1
3172,0
3173,1
3174,3
3175,0
3176,0
3177,3
3178,1
3179,1
318,3
3180,3
3181,1
3182,1
3183,0
3184,2
3185,3
3186,0
3187,2
3188,2
3189,2
319,2
3190,2
3191,1
3192,1
3193,2
3194,3
3195,2
3196,0
3197,2
3198,2
3199,2
32,2
320,2
3200,1
3201,0
3202,1
3203,2
3204,3
3205,1
3206,1
3207,1
3208,3
3209,0
321,2
3210,2
3211,3
3212,0
3213,1
3214,2
3215,0
3216,3
3217,2
3218,2
3219,0
322,0
3220,1
3221,2
3222,2
3223,0
3224,1
3225,1
3226,2
3227,2
3228,3
3229,1
323,3
3230,1
3231,2
3232,2
3233,3
3234,3
3235,2
3236,0
3237,0
3238,2
3239,1
324,1
3240,2
3241,2
3242,2
3243,3
3244,2
3245,0
3246,0
3247,3
3248,0
3249,0
325,2
3250,2
3251,3
3252,2
3253,1
3254,3
3255,0
3256,2
3257,0
3258,3
3259,0
326,2
3260,0
3261,0
3262,3
3263,3
3264,0
3265,2
3266,2
3267,0
3268,0
3269,1
327,0
3270,2
3271,3
3272,2
3273,3
3274,2
3275,3
3276,2
3277,1
3278,3
3279,2
328,3
3280,3
3281,3
3282,2
3283,2
3284,1
3285,0
3286,2
3287,2
3288,1
3289,3
329,3
3290,0
3291,1
3292,2
3293,0
3294,0
3295,2
3296,1
3297,1
3298,0
3299,1
33,2
330,0
3300,0
3301,0
3302,2
3303,3
3304,1
3305,1
3306,0
3307,0
3308,3
3309,1
331,1
3310,1
3311,0
3312,1
3313,0
3314,0
3315,0
3316,0
3317,0
3318,0
3319,1
332,2
3320,0
3321,2
3322,1
3323,3
3324,0
3325,2
3326,0
3327,0
3328,0
3329,1
333,2
3330,3
3331,0
3332,2
3333,0
3334,1
3335,3
3336,1
3337,2
3338,3
3339,1
334,3
3340,2
3341,3
3342,1
3343,2
3344,1
3345,0
3346,0
3347,1
3348,0
3349,0
335,1
3350,3
3351,2
3352,1
3353,2
3354,2
3355,2
3356,2
3357,2
3358,3
3359,2
336,2
3360,2
3361,3
3362,1
3363,2
3364,1
3365,2
3366,2
3367,2
3368,2
3369,1
337,2
3370,3
3371,0
3372,2
3373,2
3374,1
3375,3
3376,3
3377,2
3378,1
3379,3
338,1
3380,2
3381,2
3382,0
3383,1
3384,0
3385,3
3386,3
3387,1
3388,2
3389,0
339,2
3390,0
3391,0
3392,1
3393,2
3394,3
3395,2
3396,3
3397,0
3398,0
3399,0
34,0
340,3
3400,0
3401,2
3402,1
3403,0
3404,0
3405,2
3406,1
3407,3
3408,2
3409,3
341,3
3410,0
3411,1
3412,1
3413,1
3414,2
3415,3
3416,3
3417,2
3418,3
3419,2
342,1
3420,0
3421,1
3422,3
3423,1
3424,2
3425,1
3426,3
3427,3
3428,1
3429,0
343,2
3430,0
3431,2
3432,3
3433,3
3434,0
3435,1
3436,2
3437,3
3438,2
3439,3
344,0
3440,2
3441,1
3442,1
3443,3
3444,0
3445,1
3446,1
3447,3
3448,2
3449,2
345,0
3450,1
3451,1
3452,2
3453,1
3454,0
3455,3
3456,3
3457,0
3458,3
3459,0
346,2
3460,0
3461,2
3462,0
3463,2
3464,2
3465,0
3466,2
3467,3
3468,0
3469,3
347,2
3470,2
3471,3
3472,0
3473,2
3474,3
3475,0
3476,2
3477,0
3478,2
3479,1
348,2
3480,1
3481,2
3482,0
3483,3
3484,2
3485,0
3486,2
3487,2
3488,3
3489,2
349,1
3490,2
3491,0
3492,1
3493,2
3494,3
3495,2
3496,2
3497,2
3498,0
3499,0
35,2
350,2
3500,1
3501,1
3502,1
3503,2
3504,2
3505,1
3506,3
3507,3
3508,0
3509,2
351,2
3510,2
3511,2
3512,3
3513,2
3514,0
3515,3
3516,2
3517,0
3518,1
3519,3
352,0
3520,2
3521,1
3522,3
3523,0
3524,1
3525,0
3526,1
3527,1
3528,3
3529,1
353,3
3530,0
3531,2
3532,0
3533,1
3534,0
3535,1
3536,2
3537,2
3538,1
3539,2
354,1
3540,0
3541,2
3542,0
3543,3
3544,1
3545,1
3546,2
3547,0
3548,3
3549,2
355,2
3550,1
3551,2
3552,0
3553,2
3554,2
3555,0
3556,2
3557,0
3558,0
3559,2
356,2
3560,1
3561,3
3562,2
3563,2
3564,3
3565,2
3566,2
3567,1
3568,1
3569,2
357,0
3570,2
3571,3
3572,0
3573,2
3574,2
3575,1
3576,1
3577,2
3578,2
3579,2
358,2
3580,2
3581,0
3582,2
3583,1
3584,1
3585,2
3586,0
3587,3
3588,1
3589,1
359,1
3590,1
3591,0
3592,0
3593,3
3594,1
3595,1
3596,2
3597,1
3598,2
3599,2
36,2
360,0
3600,3
3601,0
3602,2
3603,1
3604,0
3605,0
3606,2
3607,3
3608,2
3609,2
361,1
3610,2
3611,1
3612,0
3613,2
3614,2
3615,2
3616,0
3617,0
3618,2
3619,0
362,2
3620,2
3621,2
3622,2
3623,1
3624,2
3625,3
3626,1
3627,3
3628,3
3629,1
363,3
3630,2
3631,0
3632,1
3633,2
3634,3
3635,0
3636,2
3637,1
3638,3
3639,3
364,1
3640,1
3641,2
3642,1
3643,2
3644,0
3645,3
3646,1
3647,1
3648,2
3649,1
365,0
3650,0
3651,2
3652,0
3653,0
3654,1
3655,1
3656,0
3657,3
3658,2
3659,1
366,2
3660,1
3661,2
3662,0
3663,2
3664,1
3665,2
3666,0
3667,2
3668,1
3669,1
367,2
3670,0
3671,2
3672,3
3673,1
3674,0
3675,0
3676,2
3677,2
3678,3
3679,3
368,2
3680,3
3681,2
3682,3
3683,1
3684,2
3685,2
3686,2
3687,0
3688,0
3689,2
369,1
3690,0
3691,1
3692,1
3693,2
3694,3
3695,1
3696,0
3697,2
3698,0
3699,2
37,1
370,2
3700,1
3701,0
3702,1
3703,1
3704,0
3705,3
3706,2
3707,2
3708,0
3709,3
371,0
3710,2
3711,2
3712,0
3713,3
3714,3
3715,0
3716,0
3717,1
3718,1
3719,2
372,0
3720,2
3721,2
3722,1
3723,1
3724,3
3725,1
3726,2
3727,1
3728,2
3729,3
373,1
3730,3
3731,0
3732,2
3733,2
3734,0
3735,2
3736,0
3737,2
3738,2
3739,1
374,2
3740,2
3741,2
3742,0
3743,0
3744,1
3745,0
3746,3
3747,2
3748,2
3749,0
375,2
3750,1
3751,1
3752,0
3753,1
3754,3
3755,1
3756,0
3757,1
3758,0
3759,3
376,0
3760,2
3761,0
3762,1
3763,3
3764,0
3765,3
3766,1
3767,0
3768,1
3769,1
377,2
3770,0
3771,2
3772,1
3773,3
3774,0
3775,3
3776,0
3777,2
3778,3
3779,2
378,3
3780,2
3781,0
3782,2
3783,0
3784,1
3785,3
3786,3
3787,2
3788,2
3789,0
379,2
3790,2
3791,2
3792,1
3793,0
3794,3
3795,2
3796,1
3797,2
3798,1
3799,1
38,2
380,1
3800,2
3801,2
3802,0
3803,0
3804,0
3805,2
3806,2
3807,3
3808,1
3809,1
381,2
3810,2
3811,2
3812,0
3813,2
3814,1
3815,2
3816,0
3817,2
3818,1
3819,2
382,0
3820,0
3821,1
3822,0
3823,3
3824,0
3825,0
3826,1
3827,3
3828,0
3829,0
383,3
3830,0
3831,2
3832,2
3833,0
3834,3
3835,3
3836,0
3837,3
3838,2
3839,3
384,0
3840,2
3841,1
3842,2
3843,1
3844,2
3845,3
3846,2
3847,3
3848,2
3849,0
385,2
3850,1
3851,2
3852,2
3853,3
3854,1
3855,2
3856,3
3857,2
3858,2
3859,1
386,1
3860,2
3861,1
3862,1
3863,0
3864,0
3865,0
3866,1
3867,3
3868,0
3869,1
387,2
3870,2
3871,1
3872,0
3873,2
3874,1
3875,3
3876,1
3877,2
3878,0
3879,0
388,3
3880,0
3881,2
3882,0
3883,2
3884,0
3885,1
3886,1
3887,2
3888,3
3889,3
389,0
3890,1
3891,1
3892,1
3893,0
3894,0
3895,3
3896,0
3897,1
3898,0
3899,2
39,3
390,2
3900,2
3901,0
3902,3
3903,3
3904,2
3905,1
3906,0
3907,1
3908,1
3909,2
391,0
3910,1
3911,1
3912,1
3913,3
3914,1
3915,2
3916,2
3917,1
3918,2
3919,3
392,3
3920,0
3921,0
3922,0
3923,0
3924,0
3925,1
3926,3
3927,0
3928,2
3929,3
393,1
3930,1
3931,1
3932,2
3933,2
3934,2
3935,1
3936,1
3937,0
3938,1
3939,2
394,3
3940,2
3941,1
3942,3
3943,3
3944,3
3945,3
3946,1
3947,3
3948,1
3949,0
395,0
3950,1
3951,3
3952,0
3953,1
3954,2
3955,0
3956,0
3957,2
3958,1
3959,2
396,3
3960,3
3961,0
3962,2
3963,0
3964,0
3965,0
3966,2
3967,2
3968,1
3969,2
397,0
3970,3
3971,1
3972,1
3973,2
3974,0
3975,1
3976,1
3977,3
3978,2
3979,2
398,0
3980,0
3981,2
3982,2
3983,2
3984,0
3985,2
3986,2
3987,0
3988,3
3989,0
399,1
3990,0
3991,0
3992,0
3993,3
3994,3
3995,0
3996,0
3997,0
3998,2
3999,3
4,3
40,2
400,0
401,3
402,0
403,0
404,1
405,1
406,2
407,3
408,1
409,2
41,0
410,2
411,1
412,0
413,1
414,1
415,1
416,0
417,2
418,0
419,0
42,1
420,2
421,2
422,0
423,1
424,3
425,2
426,0
427,1
428,0
429,3
43,1
430,1
431,3
432,2
433,1
434,1
435,3
436,1
437,2
438,3
439,0
44,3
440,2
441,2
442,2
443,1
444,1
445,1
446,2
447,1
448,0
449,0
45,3
450,0
451,0
452,2
453,3
454,3
455,3
456,2
457,3
458,2
459,1
46,1
460,0
461,2
462,3
463,1
464,2
465,0
466,1
467,1
468,3
469,0
47,0
470,0
471,0
472,1
473,0
474,3
475,3
476,3
477,0
478,2
479,3
48,3
480,0
481,3
482,3
483,1
484,2
485,3
486,0
487,1
488,3
489,0
49,3
490,2
491,2
492,0
493,2
494,3
495,2
496,2
497,1
498,0
499,2
5,2
50,1
500,2
501,0
502,2
503,1
504,0
505,0
506,0
507,3
508,2
509,3
51,2
510,2
511,2
512,1
513,3
514,2
515,2
516,2
517,2
518,1
519,3
52,1
520,0
521,1
522,3
523,3
524,0
525,1
526,1
527,2
528,2
529,2
53,3
530,2
531,0
532,0
533,1
534,1
535,3
536,2
537,1
538,0
539,2
54,2
540,2
541,2
542,2
543,3
544,2
545,3
546,1
547,3
548,1
549,0
55,0
550,1
551,0
552,2
553,1
554,2
555,2
556,2
557,1
558,0
559,2
56,2
560,0
561,0
562,1
563,1
564,1
565,3
566,2
567,2
568,2
569,2
57,1
570,2
571,0
572,1
573,3
574,2
575,0
576,1
577,3
578,2
579,3
58,0
580,0
581,3
582,3
583,1
584,2
585,0
586,1
587,0
588,3
589,1
59,3
590,2
591,3
592,1
593,2
594,2
595,0
596,0
597,3
598,0
599,1
6,3
60,2
600,2
601,2
602,0
603,3
604,2
605,0
606,0
607,2
608,1
609,3
61,2
610,3
611,1
612,1
613,1
614,0
615,1
616,1
617,2
618,1
619,2
62,2
620,2
621,1
622,1
623,3
624,3
625,2
626,2
627,0
628,3
629,2
63,2
630,1
631,0
632,1
633,0
634,1
635,3
636,0
637,1
638,2
639,1
64,2
640,1
641,0
642,0
643,3
644,1
645,1
646,3
647,1
648,0
649,1
65,0
650,2
651,3
652,1
653,0
654,0
655,1
656,0
657,0
658,0
659,0
66,2
660,3
661,3
662,2
663,1
664,2
665,1
666,0
667,1
668,1
669,2
67,1
670,0
671,2
672,3
673,0
674,2
675,1
676,2
677,1
678,2
679,3
68,2
680,1
681,0
682,1
683,2
684,2
685,1
686,1
687,1
688,0
689,1
69,2
690,1
691,2
692,2
693,0
694,2
695,3
696,0
697,3
698,1
699,0
7,1
70,0
700,1
701,2
702,2
703,2
704,0
705,1
706,1
707,2
708,0
709,0
71,2
710,2
711,1
712,0
713,2
714,2
715,2
716,1
717,0
718,3
719,0
72,3
720,1
721,2
722,0
723,0
724,3
725,2
726,2
727,3
728,1
729,1
73,1
730,1
731,0
732,3
733,0
734,0
735,1
736,1
737,0
738,1
739,2
74,1
740,2
741,1
742,1
743,0
744,1
745,1
746,0
747,2
748,0
749,1
75,0
750,2
751,2
752,1
753,2
754,1
755,3
756,0
757,2
758,1
759,1
76,2
760,2
761,2
762,3
763,1
764,3
765,1
766,0
767,0
768,0
769,2
77,1
770,2
771,3
772,3
773,0
774,3
775,0
776,2
777,2
778,3
779,3
78,3
780,3
781,1
782,3
783,1
784,3
785,2
786,1
787,2
788,1
789,2
79,2
790,3
791,2
792,1
793,1
794,3
795,3
796,2
797,0
798,2
799,3
8,0
80,1
800,2
801,3
802,0
803,2
804,2
805,1
806,0
807,1
808,0
809,2
81,2
810,2
811,0
812,1
813,0
814,1
815,0
816,3
817,2
818,2
819,0
82,2
820,0
821,1
822,0
823,2
824,2
825,2
826,2
827,3
828,0
829,3
83,0
830,3
831,0
832,3
833,2
834,3
835,1
836,2
837,1
838,2
839,1
84,2
840,2
841,2
842,1
843,1
844,3
845,2
846,2
847,2
848,1
849,0
85,1
850,3
851,1
852,2
853,0
854,1
855,0
856,1
857,1
858,0
859,3
86,1
860,1
861,3
862,2
863,0
864,2
865,2
866,2
867,0
868,2
869,0
87,2
870,1
871,3
872,2
873,3
874,3
875,3
876,2
877,1
878,3
879,2
88,1
880,1
881,2
882,1
883,2
884,1
885,2
886,0
887,0
888,1
889,0
89,2
890,0
891,2
892,2
893,2
894,0
895,1
896,2
897,2
898,2
899,1
9,1
90,1
900,2
901,2
902,2
903,1
904,0
905,2
906,1
907,2
908,3
909,1
91,0
910,0
911,2
912,3
913,2
914,0
915,2
916,3
917,0
918,3
919,0
92,3
920,2
921,0
922,1
923,3
924,2
925,2
926,3
927,2
928,2
929,2
93,2
930,1
931,3
932,2
933,3
934,3
935,2
936,3
937,1
938,1
939,0
94,0
940,1
941,1
942,2
943,1
944,1
945,2
946,2
947,2
948,2
949,3
95,2
950,2
951,3
952,2
953,2
954,3
955,2
956,0
957,0
958,0
959,2
96,2
960,2
961,0
962,1
963,2
964,2
965,2
966,1
967,1
968,0
969,3
97,2
970,3
971,2
972,3
973,2
974,1
975,0
976,1
977,2
978,3
979,1
98,3
980,0
981,0
982,1
983,2
984,2
985,0
986,3
987,3
988,2
989,0
99,1
990,3
991,2
992,3
993,3
994,2
995,0
996,0
997,2
998,2
999,2
